id,firstname,lastname,email,email2,profession
100,Jordan,Kare,Jordan.Kare@yopmail.com,Jordan.Kare@gmail.com,police officer
101,Orsola,Roarke,Orsola.Roarke@yopmail.com,Orsola.Roarke@gmail.com,doctor
102,Alisha,Yam,Alisha.Yam@yopmail.com,Alisha.Yam@gmail.com,developer
103,Verla,Virgin,Verla.Virgin@yopmail.com,Verla.Virgin@gmail.com,developer
104,Annora,Ehrman,Annora.Ehrman@yopmail.com,Annora.Ehrman@gmail.com,firefighter
105,Elena,Nikaniki,Elena.Nikaniki@yopmail.com,Elena.Nikaniki@gmail.com,doctor
106,Atlanta,Sawtelle,Atlanta.Sawtelle@yopmail.com,Atlanta.Sawtelle@gmail.com,police officer
107,Orelia,Pauly,Orelia.Pauly@yopmail.com,Orelia.Pauly@gmail.com,firefighter
108,Randa,Eno,Randa.Eno@yopmail.com,Randa.Eno@gmail.com,police officer
109,Konstance,Juliet,Konstance.Juliet@yopmail.com,Konstance.Juliet@gmail.com,worker